Codigo produto;Descricao do produto;Tipo do produto;Marca do produto;Codigo interno do produto;Observacoes internas
'0.1011;CASE P/ C2 XPLORE;Normal;QUALITTY CASES;24;CRESCER COM PRODUTOS ATUAIS
'0.3006;CASE P/ C2 INOMED;Normal;FABRICASE EMBALAGENS;23;CRESCER COM PRODUTOS ATUAIS
'0.3007;CASE PARA MER;Normal;FABRICASE EMBALAGENS;296;CRESCER COM PRODUTOS ATUAIS
'0.3166;CASE P/ RFP-300 MEDICAL (POMP);Normal;FABRICASE EMBALAGENS;166;CRESCER COM PRODUTOS ATUAIS
'0.3167;CASE P/ RADIOFREQUENCIA V-1000;Normal;FABRICASE EMBALAGENS;131;CRESCER COM PRODUTOS ATUAIS
'0.3168;CASE PLASTICO M5 C/ESPUMA;Normal;FABRICASE EMBALAGENS;43;CRESCER COM PRODUTOS ATUAIS
'0.3175;CASE P/ M-3004;Normal;FABRICASE EMBALAGENS;33;CRESCER COM PRODUTOS ATUAIS
'0.4029;CASE P/ ZD;Normal;FABRICASE EMBALAGENS;185;CRESCER COM PRODUTOS ATUAIS
'000.269;CASE PARTE INTERNA V-1000;Normal;QUALITTY CASES;35;CRESCER COM PRODUTOS ATUAIS
'000.886;CASE P/ US Z5 MINDRAY;Normal;FABRICASE EMBALAGENS;34;CRESCER COM PRODUTOS ATUAIS
'01.078;DESUMIDIFICADOR DESIDRAT NEW P;Normal;SURGICAL LINE;558;CRESCER COM PRODUTOS ATUAIS
'01.079;DESUMIDIFICADOR DESIDRAT  NEW;Normal;SURGICAL LINE;559;CRESCER COM PRODUTOS ATUAIS
'0101260;CONTAINER HR004 ARCO ESTEREOT.;Normal;ARRIOL INTL COR;201;CRESCER COM PRODUTOS ATUAIS
'03.5011.011;CAIXA E CHAVE+PONTA DBS;Normal;TECH TOOLS;394;CRESCER COM PRODUTOS ATUAIS
'03.5000.000;CX BASICA HP401 220X95X70MM;Normal;INNOLCON;620;CRESCER COM PRODUTOS ATUAIS
'04.07817;TERMO HIGROMETRO MOD HT 750 DI;Consumo;SURGICAL LINE;560;CRESCER COM PRODUTOS ATUAIS
'04.07817.;TERMO HIGROMETRO MOD HT 750 DI;Normal;SURGICAL LINE;562;CRESCER COM PRODUTOS ATUAIS
'035011011;CX INSTRUMENTAL DIVERSOS INNOL;Normal;INNOLCON;623;CRESCER COM PRODUTOS ATUAIS
'HP401;ULTRASONIC SYSTEM HANDPIECE;Normal;INNOLCON;616;CRESCER COM PRODUTOS ATUAIS
'145151;CAIXA DE SOM 45W BLUETOOTH 5.;Normal;SURGICAL LINE;599;CRESCER COM PRODUTOS ATUAIS
'17;CASE PARA C2 MONITOR DE NERVOS;Normal;MALIGAN;718;CRESCER COM PRODUTOS ATUAIS
'007970;THUMB SCREW, KNURLED, HIGH, MA;Normal;INOMED;639;CRESCER COM PRODUTOS ATUAIS
'008 207;KEYPANEL MEMBRANE C2 FRONT;Normal;INOMED;411;CRESCER COM PRODUTOS ATUAIS
'008207;MEMB DO PAINEL TECL C2 FRONTAL;Normal;INOMED;725;CRESCER COM PRODUTOS ATUAIS
'009287;ADVANTECH PCM 9361;Consumo;INOMED;580;CRESCER COM PRODUTOS ATUAIS
'217000;C3 CRYO SYSTEM;Normal;INOMED;37;CRESCER COM PRODUTOS ATUAIS
'217010;PEDAL C3 FOOTSWITCH;Normal;INOMED;175;CRESCER COM PRODUTOS ATUAIS
'217020;MANGUEIRA ALTA PRESSAO C3 CRYO;Normal;INOMED;163;CRESCER COM PRODUTOS ATUAIS
'217030;ADAPTADOR DO CILINDRO GAS CO2;Normal;INOMED;12;CRESCER COM PRODUTOS ATUAIS
'23.03210;GERADOR DE FUNCOES MOD GF 220;Normal;INOMED;506;CRESCER COM PRODUTOS ATUAIS
'230767;MICRO MACRO ELETRODO 0,8;Normal;INOMED;203;CRESCER COM PRODUTOS ATUAIS
'230843;MANDRIN TESTE MICRODRIVE;Normal;INOMED;188;CRESCER COM PRODUTOS ATUAIS
'230865;TUBO GUIA UNIVERSAL;Normal;INOMED;208;CRESCER COM PRODUTOS ATUAIS
'230865/767;INTR. CAN. MICROMACRO P/DBS-SJ;Normal;INOMED;186;CRESCER COM PRODUTOS ATUAIS
'230865/767-2;INTR. CAN. MICROMACRO P/DBS-SJ;Normal;INOMED;187;CRESCER COM PRODUTOS ATUAIS
'230886;TUBO GUIA UNIVERSAL;Normal;INOMED;209;CRESCER COM PRODUTOS ATUAIS
'230886/767;INTR. CAN. MICRO/MACRO LESAO;Normal;INOMED;181;CRESCER COM PRODUTOS ATUAIS
'230886/767-2;INTR. CAN. MICRO MACRO P/ DBS;Normal;INOMED;169;CRESCER COM PRODUTOS ATUAIS
'230886/767-3;INTR. CAN. MICRO MACRO P/ DBS;Normal;INOMED;180;CRESCER COM PRODUTOS ATUAIS
'230911;TUBO P/ ELETR. MACRO ESTIMULA;Normal;INOMED;210;CRESCER COM PRODUTOS ATUAIS
'260099;CABO P GN50 C CONECTOR MACHO;Normal;INOMED;173;CRESCER COM PRODUTOS ATUAIS
'260511;ELETR. CEREB. BIPOLAR 1X1,5;Normal;INOMED;93;CRESCER COM PRODUTOS ATUAIS
'260512;ELETR. CEREB. BIPOLAR 1X1,5;Normal;INOMED;94;CRESCER COM PRODUTOS ATUAIS
'260513;ELETR. CEREB. BIPOLAR 2 X 2;Normal;INOMED;95;CRESCER COM PRODUTOS ATUAIS
'28551;CHAVE PORTA-HASTES TORQUEVARIO;Normal;GETROTECH COMERCIAL;84;CRESCER COM PRODUTOS ATUAIS
'35011011;CX P/ INST. DIVERSOS;Normal;TECH TOOLS;44;CRESCER COM PRODUTOS ATUAIS
'504120;SIST. PORTATIL ISIS MER;Normal;INOMED;109;CRESCER COM PRODUTOS ATUAIS
'504180;ISIS NEUROESTIMULADOR;Normal;INOMED;59;CRESCER COM PRODUTOS ATUAIS
'504245;CABO DE CONEXAO USB P/ISIS EMG;Normal;INOMED;81;CRESCER COM PRODUTOS ATUAIS
'504257;CABO CONECTOR USB TERRA FUNCI;Normal;INOMED;69;CRESCER COM PRODUTOS ATUAIS
'504270;ISIS HEADBOX U8DRD;Normal;INOMED;58;CRESCER COM PRODUTOS ATUAIS
'504235;CABO EXTENSAO USB;Normal;SURGICAL LINE;42;CRESCER COM PRODUTOS ATUAIS
'504236;CABO EXTENSAO TRIGGER;Normal;SURGICAL LINE;41;CRESCER COM PRODUTOS ATUAIS
'504720;APARELHO P/ TESTE REPETICAO C2;Normal;INOMED;15;CRESCER COM PRODUTOS ATUAIS
'504730;EQUIPAMENTO DE TESTE C2 XPLORE;Normal;INOMED;452;CRESCER COM PRODUTOS ATUAIS
'508240;C2 NERVEMONITOR, SIST.4 CANAIS;Normal;INOMED;112;CRESCER COM PRODUTOS ATUAIS
'508280;C2 MONITOR DE NERVOS;Normal;INOMED;7;CRESCER COM PRODUTOS ATUAIS
'508288;C2 XPLORE;Normal;INOMED;8;CRESCER COM PRODUTOS ATUAIS
'508560;CJ WIFI P/ C2 MONITOR NERVOS;Normal;INOMED;25;CRESCER COM PRODUTOS ATUAIS
'508562;SUPORTE P/ IPAD;Normal;INOMED;31;CRESCER COM PRODUTOS ATUAIS
'510025;SUPRESSOR ARTEFATO P/ EQUIP.C2;Normal;INOMED;32;CRESCER COM PRODUTOS ATUAIS
'520024;CABO SONDA ESTIMULO DNS SONDA8;Normal;INOMED;20;CRESCER COM PRODUTOS ATUAIS
'520027;CABO DNS , CABO VERMELHO 4;Normal;INOMED;18;CRESCER COM PRODUTOS ATUAIS
'520037;CABO CONECTOR ELETR. DELTA;Normal;INOMED;10;CRESCER COM PRODUTOS ATUAIS
'520040;CABO ADAPTADOR DNS;Normal;INOMED;9;CRESCER COM PRODUTOS ATUAIS
'520300;PIOM BOX;Normal;INOMED;116;CRESCER COM PRODUTOS ATUAIS
'520335;SONDA E CATETER PIOM SDN;Normal;INOMED;425;CRESCER COM PRODUTOS ATUAIS
'522200;ELETR. P/ MONITOR. CONTINUA;Normal;INOMED;26;CRESCER COM PRODUTOS ATUAIS
'522620;ELETR. BIPOLAR SAXOFONE P/ EST;Normal;INOMED;14;CRESCER COM PRODUTOS ATUAIS
'525200;SONDA EST. MONOPOLAR 9;Normal;INOMED;191;CRESCER COM PRODUTOS ATUAIS
'525209;SONDA EST. MONOPOLAR RETA 13;Normal;INOMED;192;CRESCER COM PRODUTOS ATUAIS
'525211;SONDA ESTIMULO MONOPO RETA 31;Normal;INOMED;194;CRESCER COM PRODUTOS ATUAIS
'525603;SONDA MONOPOLAR, RETA P. ANGUL;Normal;INOMED;92;CRESCER COM PRODUTOS ATUAIS
'525608;SONDA MONO RETA C/PONTA FLEXIV;Normal;INOMED;75;CRESCER COM PRODUTOS ATUAIS
'525650-RA;KIT CAN. RAABE MAPEAMENTO ASPI;Normal;INOMED;153;CRESCER COM PRODUTOS ATUAIS
'530667;CABO CONECTOR S BLINDADO;Normal;INOMED;11;CRESCER COM PRODUTOS ATUAIS
'530867;CABO CONEXAO ELETR.LARINGEAL 8;Normal;INOMED;13;CRESCER COM PRODUTOS ATUAIS
'540345;PROTETOR AURICULAR DE RUIDO;Normal;INOMED;29;CRESCER COM PRODUTOS ATUAIS
'540425;ELETRODO EMG 4 CANAIS;Normal;INOMED;27;CRESCER COM PRODUTOS ATUAIS
'540430;HEAD BOX P/C2 XPLORE;Normal;INOMED;28;CRESCER COM PRODUTOS ATUAIS
'540431;BODY BOX P/C2 XPLORE;Normal;INOMED;6;CRESCER COM PRODUTOS ATUAIS
'540450;SIMULADOR DE TIREOIDE;Normal;INOMED;30;CRESCER COM PRODUTOS ATUAIS
'540451;CABO SIMULADOR DE TIREOIDE;Normal;INOMED;19;CRESCER COM PRODUTOS ATUAIS
'540501;SEP ADAPT. ESTIMULACAO P/ISIS;Normal;INOMED;60;CRESCER COM PRODUTOS ATUAIS
'540530;EMG/MEP ADAPT P/ISIS HEADBOX;Normal;INOMED;45;CRESCER COM PRODUTOS ATUAIS
'540730;ADAPT EMG P/ ACESSORIOS CODIF;Normal;INOMED;40;CRESCER COM PRODUTOS ATUAIS
'541120;CABO ESTIMULACAO 1 CANAL 2 5M;Normal;INOMED;82;CRESCER COM PRODUTOS ATUAIS
'590035;PARAF. DE FIXACAO P/ MICROGUN;Normal;INOMED;98;CRESCER COM PRODUTOS ATUAIS
'590038;MICROGRUN P/ELETR. MDT;Normal;INOMED;87;CRESCER COM PRODUTOS ATUAIS
'590040;ADAPT SIST. ESTEREOTAXICO ZD;Normal;INOMED;62;CRESCER COM PRODUTOS ATUAIS
'590049;ADAPTACAO;Normal;INOMED;64;CRESCER COM PRODUTOS ATUAIS
'590050;CHAVE SEXTAVADA P/PARAF. FIXAC;Normal;INOMED;83;CRESCER COM PRODUTOS ATUAIS
'590056;PORTA ELETR. ORIFICIOS GRANDES;Normal;INOMED;106;CRESCER COM PRODUTOS ATUAIS
'590059;PORTA ELETR. P/ MICRODRIVE;Normal;INOMED;107;CRESCER COM PRODUTOS ATUAIS
'590061;PARAF. DE FIXACAO CURTO;Normal;INOMED;89;CRESCER COM PRODUTOS ATUAIS
'590062;PARAF. DE FIXACAO LONGO;Normal;INOMED;91;CRESCER COM PRODUTOS ATUAIS
'590063;INDEXADOR;Normal;INOMED;85;CRESCER COM PRODUTOS ATUAIS
'590069;PARAF. P/ SUPORTE ELETR.;Normal;INOMED;105;CRESCER COM PRODUTOS ATUAIS
'590071;ADAPT SIST. ESTEREOTAXICO ZD;Normal;INOMED;63;CRESCER COM PRODUTOS ATUAIS
'590074;ADAPT PLATE MICROMAR P/ MICROD;Normal;INOMED;61;CRESCER COM PRODUTOS ATUAIS
'590210;U5S MER;Normal;INOMED;110;CRESCER COM PRODUTOS ATUAIS
'590215;CABO CONECTOR USB C/ 2 PORTAS;Normal;INOMED;68;CRESCER COM PRODUTOS ATUAIS
'590222;APARELHO P/TESTE ISIS MER;Normal;INOMED;16;CRESCER COM PRODUTOS ATUAIS
'590301;MICROGUN P/ ELETR. SJ;Normal;INOMED;88;CRESCER COM PRODUTOS ATUAIS
'590580;MICRODRIVE;Normal;INOMED;86;CRESCER COM PRODUTOS ATUAIS
'590591;SENSOR DE PROFUNDIDADE;Normal;INOMED;108;CRESCER COM PRODUTOS ATUAIS
'590708;CABO CONECTOR 5 CANAIS P/MICRO;Normal;INOMED;66;CRESCER COM PRODUTOS ATUAIS
'590710;CABO CONECTOR 5 CANAIS P/ELETR;Normal;INOMED;65;CRESCER COM PRODUTOS ATUAIS
'590720;CABO CONEXAO MOD LFP/ISIS MER;Normal;INOMED;80;CRESCER COM PRODUTOS ATUAIS
'590721;CABO CONEXAO MOD LFP/ISIS EMG;Normal;INOMED;70;CRESCER COM PRODUTOS ATUAIS
'590722;CABO CONECTOR P/ ELETR.;Normal;INOMED;67;CRESCER COM PRODUTOS ATUAIS
'610014;ELETR. CORT. 4 CONTATOS-1 TIRA;Normal;INOMED;127;CRESCER COM PRODUTOS ATUAIS
'610016;ELETR. CORT. 6 CONTATOS-1 TIRA;Normal;INOMED;132;CRESCER COM PRODUTOS ATUAIS
'803000;SUP. FIXACAO ARO ESTEREOTAXICO;Normal;INOMED;212;CRESCER COM PRODUTOS ATUAIS
'803106;ANEL DE CERAMICA ABERTO OSS;Normal;INOMED;731;CRESCER COM PRODUTOS ATUAIS
'803220;BARRAS DE FIXACAO DE ALUMINIO;Normal;INOMED;183;CRESCER COM PRODUTOS ATUAIS
'610-543;GUIA PARA MINDRAY;Normal;SURGICAL LINE;393;CRESCER COM PRODUTOS ATUAIS
'803221;BARRAS DE FIXACAO DE TITANIO;Normal;INOMED;184;CRESCER COM PRODUTOS ATUAIS
'803230;BARRAS DE FIXACAO DE CFK P OSS;Normal;INOMED;732;CRESCER COM PRODUTOS ATUAIS
'7664.01.0.00;TERMO-HIGROMETRO DIGITAL;Normal;SURGICAL LINE;704;CRESCER COM PRODUTOS ATUAIS
'803340;CHAVE DE TORQUE 70NCM;Normal;INOMED;733;CRESCER COM PRODUTOS ATUAIS
'803361;OPTI PIN - PINOS FIXACAO 30 MM;Normal;INOMED;734;CRESCER COM PRODUTOS ATUAIS
'803362;PARAFUSO DE FIXACAO 40 MM;Normal;INOMED;402;CRESCER COM PRODUTOS ATUAIS
'803363;PARAFUSO DE FIXACAO 50 MM;Normal;INOMED;403;CRESCER COM PRODUTOS ATUAIS
'803364;PARAFUSO DE FIXACAO 60 MM;Normal;INOMED;404;CRESCER COM PRODUTOS ATUAIS
'803365;PARAF. DE FIXACAO 70;Normal;INOMED;202;CRESCER COM PRODUTOS ATUAIS
'803420;AGULHA DE TESTE ZD, 190 MM;Normal;INOMED;739;CRESCER COM PRODUTOS ATUAIS
'803525;CHAVE HEXAGONAL;Normal;INOMED;190;CRESCER COM PRODUTOS ATUAIS
'803930;BANDEJA DE EST P CABECA CERAMI;Normal;INOMED;737;CRESCER COM PRODUTOS ATUAIS
'803990;BANDEJA LIMPEZA P ANEL CERAMIC;Normal;INOMED;754;CRESCER COM PRODUTOS ATUAIS
'805000;SIST. ESTEREOTAXICO ZD SIST;Normal;INOMED;206;CRESCER COM PRODUTOS ATUAIS
'803405;CHAVE DE SOQUETE;Normal;SURGICAL LINE;189;CRESCER COM PRODUTOS ATUAIS
'805000MER;CJ. ESTEREOTAXIA P/ MICROREGIS;Normal;INOMED;199;CRESCER COM PRODUTOS ATUAIS
'805601;INTR. CAN. MICROCIRURGIA TUMOR;Normal;INOMED;96;CRESCER COM PRODUTOS ATUAIS
'808001;CONJUNTO DE PARAFUSO;Normal;INOMED;753;CRESCER COM PRODUTOS ATUAIS
'808020;SIST ESTEREOTAXICO P ANEL CERA;Normal;INOMED;748;CRESCER COM PRODUTOS ATUAIS
'808201;SIST TRAVAMENTO ANEL CERAM 2PC;Normal;INOMED;747;CRESCER COM PRODUTOS ATUAIS
'808210;SIST DE ALINHAMENTO P ANEL TIT;Normal;INOMED;752;CRESCER COM PRODUTOS ATUAIS
'808220;SIST. DE ALIN SUSY P ANEL CERA;Normal;INOMED;741;CRESCER COM PRODUTOS ATUAIS
'809010;CONJUNTO DE LOCALIZADORES TC;Normal;INOMED;200;CRESCER COM PRODUTOS ATUAIS
'809045;LOCALIZACAO DE CT/RM EST. TRAN;Normal;INOMED;740;CRESCER COM PRODUTOS ATUAIS
'809101;ADAPTADOR DO FIXADOR DE CRANIO;Normal;INOMED;182;CRESCER COM PRODUTOS ATUAIS
'809200;SUP.TOMOGRAFO UNIV. 280X300X75;Normal;INOMED;207;CRESCER COM PRODUTOS ATUAIS
'SS-75;KIT CAN. SPINE SAFE MAPEAMENTO;Normal;INOMED;158;CRESCER COM PRODUTOS ATUAIS
'809000;JOGO REFERENCIAIS P/ANGIOGRAFI;Normal;SURGICAL LINE;97;CRESCER COM PRODUTOS ATUAIS
'AC304;ELETR. TURBINEX-C;Normal;JIANGSU BONSS MEDICA;104;CRESCER COM PRODUTOS ATUAIS
'AC305;PONT.DE PLASMA P/ SONDA PALATO;Normal;JIANGSU BONSS MEDICA;521;CRESCER COM PRODUTOS ATUAIS
'AC401;PONTEIRA DE PLASMA PARA TONSIL;Normal;JIANGSU BONSS MEDICA;443;CRESCER COM PRODUTOS ATUAIS
'AC402;PONTEIRA DE PLASMA PARA TONSIL;Normal;JIANGSU BONSS MEDICA;444;CRESCER COM PRODUTOS ATUAIS
'809240;SUPORTE ADAPTADOR SIEMENS;Normal;ACOSBAMAQ INDUSTRIA;211;CRESCER COM PRODUTOS ATUAIS
'ARS700;GERADOR CIRURG PLASMA RADIOFR;Normal;JIANGSU BONSS MEDICA;117;CRESCER COM PRODUTOS ATUAIS
'9;ESTACAO PLANEJ. MNPS-CAT3D;Normal;MEVIS;36;CRESCER COM PRODUTOS ATUAIS
'ABT120001;BARI CLAMP - B-CLAMP;Normal;ARRIOL INTL COR;17;CRESCER COM PRODUTOS ATUAIS
'MC303;ELETR. THYROID-FORCEPS;Normal;JIANGSU BONSS MEDICA;159;CRESCER COM PRODUTOS ATUAIS
'MC304;ELETR. TMJ-SZ;Normal;JIANGSU BONSS MEDICA;102;CRESCER COM PRODUTOS ATUAIS
'MC304B;PONTEIRA DE PLASMA PARA SONDA;Normal;JIANGSU BONSS MEDICA;440;CRESCER COM PRODUTOS ATUAIS
'MC305A;PONTEIRA DE PLASMA PARA SONDA;Normal;JIANGSU BONSS MEDICA;439;CRESCER COM PRODUTOS ATUAIS
'AK28;TERMO-HIGROMETRO AK28 NEW;Normal;AKSO;764;CRESCER COM PRODUTOS ATUAIS
'MC402;ELETR. TONSIL-BLATORMAX;Normal;JIANGSU BONSS MEDICA;103;CRESCER COM PRODUTOS ATUAIS
'MC402C;PONTEIRA DE PLASMA PARA CIRURG;Normal;JIANGSU BONSS MEDICA;445;CRESCER COM PRODUTOS ATUAIS
'K500;GERADOR ULTRASONIC SURGICAL SY;Normal;MICONVEY;606;CRESCER COM NOVOS PRODUTOS - ESP. ATUAIS
'MC1;CASE PARA K500 SIST. CIRURGICO;Normal;MICONVEY;624;CRESCER COM PRODUTOS ATUAIS
'QUBP55;PECA DE MAO CIR. CABECA/PESCOC;Normal;MICONVEY;608;CRESCER COM NOVOS PRODUTOS - ESP. ATUAIS
'QUHP35;PECA DE MAO CIR.GERAL;Normal;MICONVEY;607;CRESCER COM NOVAS ESPECIALIDADES
'QUHS14S-H;BISTURI CIR ULT PISTOLA14CM;Normal;MICONVEY;609;CRESCER COM NOVAS ESPECIALIDADES
'QUHS23S-H;BISTURI CIR ULT PISTOLA23CM;Normal;MICONVEY;610;CRESCER COM NOVAS ESPECIALIDADES
'QUHS36S-H;BISTURI CIR ULT PISTOLA36CM;Normal;MICONVEY;611;CRESCER COM NOVAS ESPECIALIDADES
'QUHS45S-H;BISTURI CIR ULT PISTOLA45CM;Normal;MICONVEY;612;CRESCER COM NOVAS ESPECIALIDADES
'SAF09D;TESOURA CIR. ABERTA ULTRA9CM;Normal;MICONVEY;613;CRESCER COM NOVOS PRODUTOS - ESP. ATUAIS
'SAF17D;TESOURA CIR. ABERTA ULTRA 17CM;Normal;MICONVEY;614;CRESCER COM NOVOS PRODUTOS - ESP. ATUAIS
'TM03B;SISTEMA ESTEREOTAXICO TM03B;Normal;MICROMAR;517;CRESCER COM PRODUTOS ATUAIS
'ECO 200G;SIST. ABLACAO POR MICROONDAS;Normal;NANJING ECO;300;CRESCER COM PRODUTOS ATUAIS
'ECO-100AI1;CATETER METALICO S, DIAM.17G,;Normal;NANJING ECO;415;CRESCER COM PRODUTOS ATUAIS
'CH2FAN103;CASE HANDLE II AZUL C3;Normal;HIROSE IND C DE CONT;38;CRESCER COM PRODUTOS ATUAIS
'CH2FP300;CASE HANDLE P/ APARELHO C2;Normal;IRON CASE;22;CRESCER COM PRODUTOS ATUAIS
'CH2VM004;CASE HANDLE II VERMELHO C2;Normal;HIROSE IND C DE CONT;21;CRESCER COM PRODUTOS ATUAIS
'DBMNJ1106TL;AGULHA BIOPSIA MED.OSSEA TLOK;Normal;ARGON MEDICAL/ECOMED;602;CRESCER COM PRODUTOS ATUAIS
'DBMNJ1304;AGULHA BIOPSIA MEDULA OSSEA;Normal;ARGON MEDICAL/ECOMED;601;CRESCER COM PRODUTOS ATUAIS
'DEMO-1;DEMO TIROIDE;Normal;SURGICAL LINE;522;CRESCER COM PRODUTOS ATUAIS
'DEMO-T 1;DEMO TUMOR;Normal;SURGICAL LINE;523;CRESCER COM PRODUTOS ATUAIS
'ECO-100AI3;CATETER METALICO L, DIAM.16G,;Normal;NANJING ECO;417;CRESCER COM PRODUTOS ATUAIS
'ECO-100CL10C;CATETER CERAMICO L, DIAM.14G,;Normal;NANJING ECO;418;CRESCER COM PRODUTOS ATUAIS
'DW112;CAIXA DE SOM POWERTUBE 160;Normal;SURGICAL LINE;598;CRESCER COM PRODUTOS ATUAIS
'ECO-100CL22C;CATETER CERAMICO L, DIAM.16G,;Normal;NANJING ECO;419;CRESCER COM PRODUTOS ATUAIS
'ECO-100CL27C;CATETER CERAMICO L, DIAM 18G,;Normal;NANJING ECO;422;CRESCER COM PRODUTOS ATUAIS
'ECO-100CL5C;CATETER CERAMICO L, DIAM.16G,;Normal;NANJING ECO;420;CRESCER COM PRODUTOS ATUAIS
'ECO-100CL8C;CATETER CERAMICO L, DIAM.14G,;Normal;NANJING ECO;421;CRESCER COM PRODUTOS ATUAIS
'01.087;DESIDRAT PLUS 1500 - 220V P/N;Normal;PHYSIOMED;564;CRESCER COM PRODUTOS ATUAIS
'03.5002.002;CX OTICA TROCATER E CAMISA;Normal;PHYSIOMED;649;CRESCER COM PRODUTOS ATUAIS
'230777;ELETR. RETO BIPOLAR;Normal;RBTG BRASIL;165;CRESCER COM PRODUTOS ATUAIS
'260101;CABO TC N50 P/ ELETR. TC;Normal;RBTG BRASIL;174;CRESCER COM PRODUTOS ATUAIS
'260561;TERMO SONDA NEURO N50 P/ ELETR;Normal;RBTG BRASIL;204;CRESCER COM PRODUTOS ATUAIS
'520078;ADAPTADOR DE ESTIMULO;Normal;RBTG BRASIL;111;CRESCER COM PRODUTOS ATUAIS
'522130;SONDA EST. PEDICULO BIPOLAR 30;Normal;RBTG BRASIL;115;CRESCER COM PRODUTOS ATUAIS
'ATM-BL;KIT CAN. ATM BLOCK;Normal;RBTG BRASIL;133;CRESCER COM PRODUTOS ATUAIS
'ATM-CL;KIT CAN. ATM CLEAN;Normal;RBTG BRASIL;299;CRESCER COM PRODUTOS ATUAIS
'ATM-CLEAN;KIT CAN. ATM CLEAN;Normal;RBTG BRASIL;134;CRESCER COM PRODUTOS ATUAIS
'ATM-INS;KIT CAN. ATM INSIDE;Normal;RBTG BRASIL;135;CRESCER COM PRODUTOS ATUAIS
'ATM-ONE;KIT CAN. ATM ONE;Normal;RBTG BRASIL;136;CRESCER COM PRODUTOS ATUAIS
'ATMBL;KIT CAN. ATM BLOCK;Normal;RBTG BRASIL;298;CRESCER COM PRODUTOS ATUAIS
'C74;AMOSTRA ETIQ. ADES LARINGE;Normal;RBTG BRASIL;595;CRESCER COM PRODUTOS ATUAIS
'C92;AMOSTRA ELETRODO ADES. ATERRAM;Normal;RBTG BRASIL;596;CRESCER COM PRODUTOS ATUAIS
'CERV-70-M;KIT CAN.ESVAZIAMENTO CERV 7;Normal;RBTG BRASIL;101;CRESCER COM PRODUTOS ATUAIS
'CERV-75-M;KIT CAN. ESVAZIAMENTO CERV 7.5;Normal;RBTG BRASIL;100;CRESCER COM PRODUTOS ATUAIS
'DLT-75-M;KIT CAN. P/ ESTIMULACAO CONT;Normal;RBTG BRASIL;157;CRESCER COM PRODUTOS ATUAIS
'DTMBL;KIT CANULA DTM BLOCK;Normal;RBTG BRASIL;588;CRESCER COM PRODUTOS ATUAIS
'EC-75;KIT CAN. ELETR. ESTIMUL CORT;Normal;RBTG BRASIL;146;CRESCER COM PRODUTOS ATUAIS
'ECSONIC-75;KIT CAN. ESTIMULACAO CORTICAL;Normal;RBTG BRASIL;160;CRESCER COM PRODUTOS ATUAIS
'EMK-75;KIT CANULA ESTIMULACAO MICROFO;Normal;RBTG BRASIL;147;CRESCER COM PRODUTOS ATUAIS
'ENDT-60-M;KIT CAN. C2 SELECT 360 ESTIMUL;Normal;RBTG BRASIL;150;CRESCER COM PRODUTOS ATUAIS
'ENDT-70-B;KIT CAN. C2 SELECT 360 ESTIMUL;Normal;RBTG BRASIL;138;CRESCER COM PRODUTOS ATUAIS
'ENDT-70-M;KIT CAN. C2 SELECT 360 ESTIMUL;Normal;RBTG BRASIL;139;CRESCER COM PRODUTOS ATUAIS
'ENDT-70-MF;KIT CANULA C2 SELECT 360O PARA;Normal;RBTG BRASIL;432;CRESCER COM PRODUTOS ATUAIS
'ENDT-75-B;KIT CAN. C2 SELECT 360 ESTIMUL;Normal;RBTG BRASIL;154;CRESCER COM PRODUTOS ATUAIS
'ENDT-75-M;KIT CAN. C2 SELECT 360 ESTIMUL;Normal;RBTG BRASIL;151;CRESCER COM PRODUTOS ATUAIS
'ENDT-75-MF;KIT CANULA C2 SELECT 360O PARA;Normal;RBTG BRASIL;436;CRESCER COM PRODUTOS ATUAIS
'ENDT-75-TS;KIT CAN. C2 SELECT 360 ESTIMUL;Normal;RBTG BRASIL;141;CRESCER COM PRODUTOS ATUAIS
'ENDT-80-M;KIT CAN. C2 SELECT 360 ESTIMUL;Normal;RBTG BRASIL;144;CRESCER COM PRODUTOS ATUAIS
'ESC-75;KIT CANULA ESTIMULACAO CORTICA;Normal;RBTG BRASIL;145;CRESCER COM PRODUTOS ATUAIS
'FACELIFT-75-4-M;KIT CAN.SDN DEEP PLANE FACELIF;Normal;RBTG BRASIL;587;CRESCER COM PRODUTOS ATUAIS
'FINECUT-A-108;MICRODISSEC RETO PONTA ANGULAD;Normal;RBTG BRASIL;663;CRESCER COM NOVOS PRODUTOS - ESP. ATUAIS
'FINECUT-A-86;MICRODISSEC RETO PONTA ANGULAD;Normal;RBTG BRASIL;664;CRESCER COM NOVOS PRODUTOS - ESP. ATUAIS
'FINECUT-C-108;MICRODISSEC CURVA45O 108X3MM;Normal;RBTG BRASIL;659;CRESCER COM NOVOS PRODUTOS - ESP. ATUAIS
'FINECUT-C-133;MICRODISSEC CURVA 45O 133X3MM;Normal;RBTG BRASIL;660;CRESCER COM NOVOS PRODUTOS - ESP. ATUAIS
'FINECUT-C-158;MICRODISSEC CURVA45O 158X3MM;Normal;RBTG BRASIL;661;CRESCER COM NOVOS PRODUTOS - ESP. ATUAIS
'FINECUT-C-184;MICRODISSEC CURVA45O 184X3MM;Normal;RBTG BRASIL;662;CRESCER COM NOVOS PRODUTOS - ESP. ATUAIS
'FINECUT-R-110;MICRODISSECTOR RETO 110X3MM;Normal;RBTG BRASIL;655;CRESCER COM NOVOS PRODUTOS - ESP. ATUAIS
'FINECUT-R-135;MICRODISSECTOR RETO 135X3MM;Normal;RBTG BRASIL;658;CRESCER COM NOVOS PRODUTOS - ESP. ATUAIS
'FINECUT-R-160;MICRODISSECTOR RETO 160X3MM;Normal;RBTG BRASIL;656;CRESCER COM NOVOS PRODUTOS - ESP. ATUAIS
'FINECUT-R-52;MICRODISSECTOR RETO 52X3MM;Normal;RBTG BRASIL;652;CRESCER COM NOVOS PRODUTOS - ESP. ATUAIS
'FINECUT-R-62;MICRODISSECTOR RETO 62X3MM;Normal;RBTG BRASIL;653;CRESCER COM NOVOS PRODUTOS - ESP. ATUAIS
'FINECUT-R-84;MICRODISSECTOR RETO 84X3MM;Normal;RBTG BRASIL;654;CRESCER COM NOVOS PRODUTOS - ESP. ATUAIS
'HEMO-1;PO HEMOSTATICO B.STOP, 1GRAMA;Normal;RBTG BRASIL;665;CRESCER COM NOVOS PRODUTOS - ESP. ATUAIS
'HEMO-3;PO HEMOSTATICO B.STOP 3GRAMAS;Normal;RBTG BRASIL;666;CRESCER COM NOVOS PRODUTOS - ESP. ATUAIS
'HEMO-5;PO HEMOSTATICO B.STOP 5GRAMAS;Normal;RBTG BRASIL;667;CRESCER COM NOVOS PRODUTOS - ESP. ATUAIS
'LONG-75-B;KIT CAN. C2 SELECT 360 ESTIMUL;Normal;RBTG BRASIL;152;CRESCER COM PRODUTOS ATUAIS
'ME-75;KIT CAN. MONITOR. ENDOTRAQUEAL;Normal;RBTG BRASIL;155;CRESCER COM PRODUTOS ATUAIS
'NEURO-75-M;KIT CAN.MAPEAMENTO NERVOS MONO;Normal;RBTG BRASIL;148;CRESCER COM PRODUTOS ATUAIS
'NEURO-75-MF;KIT CANULA MAPEAMENTO DE NERVO;Normal;RBTG BRASIL;524;CRESCER COM PRODUTOS ATUAIS
'PREC-70-P;PREC-70-P KIT CANULA PRECISION;Normal;RBTG BRASIL;646;CRESCER COM PRODUTOS ATUAIS
'PREC-75;KIT CAN. PRECISION;Normal;RBTG BRASIL;156;CRESCER COM PRODUTOS ATUAIS
'PREC-75-P;PREC-75-P KIT CANULA PRECISION;Normal;RBTG BRASIL;565;CRESCER COM PRODUTOS ATUAIS
'PRECFC-75-4;KIT CANULA PRECISION FACIAL;Normal;RBTG BRASIL;581;CRESCER COM PRODUTOS ATUAIS
'SA PINCA PRECIS;SEMI ACABADO PINCA PRECISION;Normal;RBTG BRASIL;501;CRESCER COM PRODUTOS ATUAIS
'SAFELIFT-70-M;KIT CANULA SAFE LIFT;Normal;RBTG BRASIL;642;CRESCER COM PRODUTOS ATUAIS
'SAFELIFT-70-MF;KIT CANULA SAFE LIFT;Normal;RBTG BRASIL;643;CRESCER COM PRODUTOS ATUAIS
'SAFELIFT-75-M;KIT CANULA SAFE LIFT;Normal;RBTG BRASIL;730;CRESCER COM PRODUTOS ATUAIS
'SDN-70-4-M;KIT CAN.SDN NERVOS 4 PARES MON;Normal;RBTG BRASIL;140;CRESCER COM PRODUTOS ATUAIS
'SDN-75-4-B;KIT CAN.SDN NERVOS 4 PARES BIP;Normal;RBTG BRASIL;137;CRESCER COM PRODUTOS ATUAIS
'MIC.0003;MIC.0003;Conjunto;SURGICAL LINE;309;CRESCER COM PRODUTOS ATUAIS
'MIC.0005;MIC.0005;Conjunto;SURGICAL LINE;303;CRESCER COM PRODUTOS ATUAIS
'MIC.0011;MIC.0011;Conjunto;SURGICAL LINE;706;CRESCER COM PRODUTOS ATUAIS
'MNXF3BZ/A;IPAD PRO 11 WIFI 256GB SPACE G;Normal;SURGICAL LINE;482;CRESCER COM PRODUTOS ATUAIS
'MPNY3BE/A;AIRPODS 3RD GEN LIGHTNING-BES;Normal;SURGICAL LINE;484;CRESCER COM PRODUTOS ATUAIS
'MU8F2BZ/A;APPLE PENCIL 2ND GEN-BRA;Normal;SURGICAL LINE;485;CRESCER COM PRODUTOS ATUAIS
'MXQT2BZ/A;IPAD MAGIC KEYBOARD 11 BLACK-B;Normal;SURGICAL LINE;486;CRESCER COM PRODUTOS ATUAIS
'SDN-75-4-M;KIT CAN. SDN NERVOS MONOPOLAR;Normal;RBTG BRASIL;143;CRESCER COM PRODUTOS ATUAIS
'SDN-75-4-MF;KIT CAN. SDN NERVOS MONOP.FLEX;Normal;RBTG BRASIL;142;CRESCER COM PRODUTOS ATUAIS
'NGB-004;GUIA BIOPSIA ACO INOX 16-17-18;Normal;MEDICAL WAY;79;CRESCER COM PRODUTOS ATUAIS
'SERVT078;SERVICOS COMEX;Servico;RBTG BRASIL;447;CRESCER COM PRODUTOS ATUAIS
'PL1A-30-90974;TRANSDUTOR LINEAR P/ DP-30;Normal;KOLPLAST CI SA;179;CRESCER COM PRODUTOS ATUAIS
'PR2A-30-90957;TRANSDUTOR CONVEXO PARA DP-30;Normal;MEDICAL WAY;301;CRESCER COM PRODUTOS ATUAIS
'PR3A-30-90970;TRANSDUTOR P/ DP-30/Z5/DC-N2;Normal;MEDICAL WAY;172;CRESCER COM PRODUTOS ATUAIS
'SERVT079;PATROCINIOS;Servico;RBTG BRASIL;449;CRESCER COM PRODUTOS ATUAIS
'SONIC-ART-75;KIT CAN. ESTIM.CORT. SONIC ART;Normal;RBTG BRASIL;584;CRESCER COM PRODUTOS ATUAIS
'TNS-16-05;PINCA BIPOLAR TECH NON-STICK;Normal;RBTG BRASIL;670;CRESCER COM NOVOS PRODUTOS - ESP. ATUAIS
'TNS-16-07;PINCA BIPOLAR TECH NON-STICK;Normal;RBTG BRASIL;671;CRESCER COM NOVOS PRODUTOS - ESP. ATUAIS
'TNS-16-10;PINCA BIPOLAR TECH NON-STICK;Normal;RBTG BRASIL;672;CRESCER COM NOVOS PRODUTOS - ESP. ATUAIS
'TNS-16-15;PINCA BIPOLAR TECH NON-STICK;Normal;RBTG BRASIL;673;CRESCER COM NOVOS PRODUTOS - ESP. ATUAIS
'TNS-18-05;PINCA BIPOLAR TECH NON-STICK;Normal;RBTG BRASIL;674;CRESCER COM NOVOS PRODUTOS - ESP. ATUAIS
'TNS-18-07;PINCA BIPOLAR TECH NON-STICK;Normal;RBTG BRASIL;675;CRESCER COM NOVOS PRODUTOS - ESP. ATUAIS
'TNS-18-10;PINCA BIPOLAR TECH NON-STICK;Normal;RBTG BRASIL;676;CRESCER COM NOVOS PRODUTOS - ESP. ATUAIS
'TNS-18-15;PINCA BIPOLAR TECH NON-STICK;Normal;RBTG BRASIL;678;CRESCER COM NOVOS PRODUTOS - ESP. ATUAIS
'TNS-20-05;PINCA BIPOLAR TECH NON-STICK;Normal;RBTG BRASIL;679;CRESCER COM NOVOS PRODUTOS - ESP. ATUAIS
'TNS-20-07;PINCA BIPOLAR TECH NON-STICK;Normal;RBTG BRASIL;680;CRESCER COM NOVOS PRODUTOS - ESP. ATUAIS
'TNS-20-10;PINCA BIPOLAR TECH NON-STICK;Normal;RBTG BRASIL;681;CRESCER COM NOVOS PRODUTOS - ESP. ATUAIS
'TNS-20-15;PINCA BIPOLAR TECH NON-STICK;Normal;RBTG BRASIL;682;CRESCER COM NOVOS PRODUTOS - ESP. ATUAIS
'TNS-22-05;PINCA BIPOLAR TECH NON-STICK;Normal;RBTG BRASIL;683;CRESCER COM NOVOS PRODUTOS - ESP. ATUAIS
'TNS-22-07;PINCA BIPOLAR TECH NON-STICK;Normal;RBTG BRASIL;684;CRESCER COM NOVOS PRODUTOS - ESP. ATUAIS
'TNS-22-10;PINCA BIPOLAR TECH NON-STICK;Normal;RBTG BRASIL;685;CRESCER COM NOVOS PRODUTOS - ESP. ATUAIS
'TNS-22-15;PINCA BIPOLAR TECH NON-STICK;Normal;RBTG BRASIL;686;CRESCER COM NOVOS PRODUTOS - ESP. ATUAIS
'TNS-26-05;PINCA BIPOLAR TECH NON STICK;Normal;RBTG BRASIL;687;CRESCER COM NOVOS PRODUTOS - ESP. ATUAIS
'TNS-26-07;PINCA BIPOLAR TECH NON-STICK;Normal;RBTG BRASIL;688;CRESCER COM NOVOS PRODUTOS - ESP. ATUAIS
'TNS-26-10;PINCA BIPOLAR TECH NON-STICK;Normal;RBTG BRASIL;689;CRESCER COM NOVOS PRODUTOS - ESP. ATUAIS
'TNS-26-15;PINCA BIPOLAR TECH NON-STICK;Normal;RBTG BRASIL;691;CRESCER COM NOVOS PRODUTOS - ESP. ATUAIS
'TNS-28-05;PINCA BIPOLAR TECH NON-STICK;Normal;RBTG BRASIL;692;CRESCER COM NOVOS PRODUTOS - ESP. ATUAIS
'TNS-28-07;PINCA BIPOLAR TECH NON-STICK;Normal;RBTG BRASIL;693;CRESCER COM NOVOS PRODUTOS - ESP. ATUAIS
'TNS-28-10;PINCA BIPOLAR TECH NON-STICK;Normal;RBTG BRASIL;694;CRESCER COM NOVOS PRODUTOS - ESP. ATUAIS
'TNS-28-15;PINCA BIPOLAR TECH NON-STICK;Normal;RBTG BRASIL;695;CRESCER COM NOVOS PRODUTOS - ESP. ATUAIS
'TRAUM-75;KIT CANULA TRAUMACISION;Normal;RBTG BRASIL;428;CRESCER COM PRODUTOS ATUAIS
'US1;PONTAS ULTRASSOICAS RBTG;Normal;RBTG BRASIL;576;CRESCER COM PRODUTOS ATUAIS
'US2;PONTAS ULTRASSONICAS RBTG;Normal;RBTG BRASIL;577;CRESCER COM PRODUTOS ATUAIS
'BTD 2035;CATETER MULTIPOLAR BIG-TIP DUO;Normal;RF MEDICAL;573;CRESCER COM PRODUTOS ATUAIS
'BTM 3010RB;CATETER MULTIPOLAR MIOMA, DIAM;Normal;RF MEDICAL;572;CRESCER COM PRODUTOS ATUAIS
'BTM 3510QB;CAT. MULTI BIG MIOMA 1.65X35;Normal;RF MEDICAL;164;CRESCER COM PRODUTOS ATUAIS
'BTM 3510RB;CATETER MULTIPOLAR MIOMA;Normal;RF MEDICAL;591;CRESCER COM PRODUTOS ATUAIS
'ENTA 1110;CAT. MULTIP APNEIA 1.06X11X1;Normal;RF MEDICAL;73;CRESCER COM PRODUTOS ATUAIS
'ENTD 1210;CAT. MULTIP APNEIA 1.26X12X1;Normal;RF MEDICAL;74;CRESCER COM PRODUTOS ATUAIS
'GC-2P;CABO DE PLACA DISPERSIVA DE 2;Normal;RF MEDICAL;526;CRESCER COM PRODUTOS ATUAIS
'GC-4P;CABO ELETR. DISPERSIVO 4 PINOS;Normal;RF MEDICAL;130;CRESCER COM PRODUTOS ATUAIS
'SERV001;MEDICINA E BIOMEDICINA;Base servico;SURGICAL LINE;315;CRESCER COM PRODUTOS ATUAIS
'SERV002;DESPACHANTES (SERV REGULATORIO;Base servico;SURGICAL LINE;316;CRESCER COM PRODUTOS ATUAIS
'SERV003;PROPAGANDA E PUBLICIDADE;Base servico;SURGICAL LINE;317;CRESCER COM PRODUTOS ATUAIS
'SERV004;LIMPEZA, MANUTENCAO E CONSERVA;Base servico;SURGICAL LINE;318;CRESCER COM PRODUTOS ATUAIS
'SERV005;SUPORTE TECNICO EM INFORMATICA;Base servico;SURGICAL LINE;319;CRESCER COM PRODUTOS ATUAIS
'SERV006;ANALISE E DESENVOLVIMENTO DE S;Base servico;SURGICAL LINE;320;CRESCER COM PRODUTOS ATUAIS
'SERV007;USO DESTINADO AO FINANCEIRO;Base servico;SURGICAL LINE;321;CRESCER COM PRODUTOS ATUAIS
'SERV008;MATERIAL DE CONSUMO;Base servico;SURGICAL LINE;322;CRESCER COM PRODUTOS ATUAIS
'SERV009;CESTA DE NATAL, BRINDES;Base servico;SURGICAL LINE;323;CRESCER COM PRODUTOS ATUAIS
'SERV010;ALUGUEL PAGO A PESSOA JURIDICA;Base servico;SURGICAL LINE;324;CRESCER COM PRODUTOS ATUAIS
'SERV011;ALUGUEL PAGO A PESSOA FISICA;Base servico;SURGICAL LINE;325;CRESCER COM PRODUTOS ATUAIS
'SERV012;SERVICOS CONSUMIDOS;Base servico;SURGICAL LINE;326;CRESCER COM PRODUTOS ATUAIS
'SERV013;VALES TRANSPORTE;Base servico;SURGICAL LINE;327;CRESCER COM PRODUTOS ATUAIS
'SERV014;VALES REFEICAO;Base servico;SURGICAL LINE;328;CRESCER COM PRODUTOS ATUAIS
'SERV015;VALES ALIMENTACAO;Base servico;SURGICAL LINE;329;CRESCER COM PRODUTOS ATUAIS
'SERV016;VALES COMBUSTIVEL;Base servico;SURGICAL LINE;330;CRESCER COM PRODUTOS ATUAIS
'SERV017;ASSISTENCIA MEDICA;Base servico;SURGICAL LINE;331;CRESCER COM PRODUTOS ATUAIS
'SERV018;CESTAS BASICAS;Base servico;SURGICAL LINE;332;CRESCER COM PRODUTOS ATUAIS
'SERV019;VALE CULTURA;Base servico;SURGICAL LINE;333;CRESCER COM PRODUTOS ATUAIS
'SERV020;TREINAMENTO;Base servico;SURGICAL LINE;334;CRESCER COM PRODUTOS ATUAIS
'SERV021;FARMACIA E AMBULATORIO;Base servico;SURGICAL LINE;335;CRESCER COM PRODUTOS ATUAIS
'SERV022;MEDICINA OCUPACIONAL;Base servico;SURGICAL LINE;336;CRESCER COM PRODUTOS ATUAIS
'SERV023;CONFRATERNIZACOES;Base servico;SURGICAL LINE;337;CRESCER COM PRODUTOS ATUAIS
'SERV024;ALUGUEIS;Base servico;SURGICAL LINE;338;CRESCER COM PRODUTOS ATUAIS
'SERV025;CONDOMINIOS;Base servico;SURGICAL LINE;339;CRESCER COM PRODUTOS ATUAIS
'SERV026;LIMPEZA E CONSERVACAO;Base servico;SURGICAL LINE;340;CRESCER COM PRODUTOS ATUAIS
'SERV027;PORTARIA E SEGURANCA;Base servico;SURGICAL LINE;341;CRESCER COM PRODUTOS ATUAIS
'SERV028;ENERGIA ELETRICA;Base servico;SURGICAL LINE;342;CRESCER COM PRODUTOS ATUAIS
'SERV029;COSIP ENERGIA ELETRICA;Base servico;SURGICAL LINE;343;CRESCER COM PRODUTOS ATUAIS
'SERV030;TELEFONE FIXO;Base servico;SURGICAL LINE;344;CRESCER COM PRODUTOS ATUAIS
'SERV031;TELEFONE MOVEL;Base servico;SURGICAL LINE;345;CRESCER COM PRODUTOS ATUAIS
'SERV032;INTERNET;Base servico;SURGICAL LINE;346;CRESCER COM PRODUTOS ATUAIS
'SERV033;REFEICOES E LANCHES;Base servico;SURGICAL LINE;347;CRESCER COM PRODUTOS ATUAIS
'SERV034;ESTACIONAMENTO;Base servico;SURGICAL LINE;348;CRESCER COM PRODUTOS ATUAIS
'SERV035;COMBUSTIVEIS;Base servico;SURGICAL LINE;349;CRESCER COM PRODUTOS ATUAIS
'SERV036;MANUTENCAO PREDIAL - MATERIAL;Base servico;SURGICAL LINE;350;CRESCER COM PRODUTOS ATUAIS
'SERV037;MANUTENCAO PREDIAL - SERVICOS;Base servico;SURGICAL LINE;351;CRESCER COM PRODUTOS ATUAIS
'SERV038;MANUTENCAO DE VEICULOS - MATER;Base servico;SURGICAL LINE;352;CRESCER COM PRODUTOS ATUAIS
'SERV039;MANUTENCAO DE VEICULOS - SERVI;Base servico;SURGICAL LINE;353;CRESCER COM PRODUTOS ATUAIS
'SERV040;MANUTENCAO DE BENS E EQUIPTOS;Base servico;SURGICAL LINE;354;CRESCER COM PRODUTOS ATUAIS
'SERV041;MATERIAIS DE HIGIENE E LIMPEZA;Base servico;SURGICAL LINE;355;CRESCER COM PRODUTOS ATUAIS
'SERV042;MATERIAIS DE ESCRITORIO;Base servico;SURGICAL LINE;356;CRESCER COM PRODUTOS ATUAIS
'SERV043;MATERIAIS DE INFORMATICA;Base servico;SURGICAL LINE;357;CRESCER COM PRODUTOS ATUAIS
'SERV044;COPA E COZINHA;Base servico;SURGICAL LINE;358;CRESCER COM PRODUTOS ATUAIS
'SERV045;ASSINATURAS;Base servico;SURGICAL LINE;359;CRESCER COM PRODUTOS ATUAIS
'SERV046;BENS DE NATUREZA PERMANENTE;Base servico;SURGICAL LINE;360;CRESCER COM PRODUTOS ATUAIS
'SERV047;UNIFORMES PROFISSIONAIS;Base servico;SURGICAL LINE;361;CRESCER COM PRODUTOS ATUAIS
'SERV048;EQUIPTOS DE PROTECAO - EPI;Base servico;SURGICAL LINE;362;CRESCER COM PRODUTOS ATUAIS
'SERV049;ADVOGADOS;Base servico;SURGICAL LINE;363;CRESCER COM PRODUTOS ATUAIS
'SERV050;CONSULTORIA FISCAL E CONTABIL;Base servico;SURGICAL LINE;364;CRESCER COM PRODUTOS ATUAIS
'SERV051;AUDITORIA;Base servico;SURGICAL LINE;365;CRESCER COM PRODUTOS ATUAIS
'SERV052;CONSULTORIA EM INFORMATICA;Base servico;SURGICAL LINE;366;CRESCER COM PRODUTOS ATUAIS
'SERV053;CONSULTORIA EM ADMINISTRACAO;Base servico;SURGICAL LINE;367;CRESCER COM PRODUTOS ATUAIS
'SERV054;CONSULTORIA EM CERTIFICACOES;Base servico;SURGICAL LINE;368;CRESCER COM PRODUTOS ATUAIS
'SERV055;CURSOS E TREINAMENTOS;Base servico;SURGICAL LINE;369;CRESCER COM PRODUTOS ATUAIS
'SERV056;RECRUTAMENTO E SELECAO;Base servico;SURGICAL LINE;370;CRESCER COM PRODUTOS ATUAIS
'SERV057;MAO DE OBRA TEMPORARIA;Base servico;SURGICAL LINE;371;CRESCER COM PRODUTOS ATUAIS
'SERV058;MANUTENCAO DE SOFTWARES;Base servico;SURGICAL LINE;372;CRESCER COM PRODUTOS ATUAIS
'SERV059;SERVICOS PRESTADOS POR PJ;Base servico;SURGICAL LINE;373;CRESCER COM PRODUTOS ATUAIS
'SERV060;IPTU;Base servico;SURGICAL LINE;374;CRESCER COM PRODUTOS ATUAIS
'SERV061;CARTORIO;Base servico;SURGICAL LINE;375;CRESCER COM PRODUTOS ATUAIS
'SERV062;COPIAS E REPRODUCOES;Base servico;SURGICAL LINE;376;CRESCER COM PRODUTOS ATUAIS
'SERV063;CHAVEIROS E CARIMBOS;Base servico;SURGICAL LINE;377;CRESCER COM PRODUTOS ATUAIS
'SERV064;DESPACHANTES;Base servico;SURGICAL LINE;378;CRESCER COM PRODUTOS ATUAIS
'SERV065;MOTOBOY;Base servico;SURGICAL LINE;379;CRESCER COM PRODUTOS ATUAIS
'SERV066;RELACOES PUBLICAS;Base servico;SURGICAL LINE;380;CRESCER COM PRODUTOS ATUAIS
'SERV067;CATALOGOS E PANFLETOS;Base servico;SURGICAL LINE;381;CRESCER COM PRODUTOS ATUAIS
'SERV068;FEIRAS E EXPOSICOES;Base servico;SURGICAL LINE;382;CRESCER COM PRODUTOS ATUAIS
'SERV069;EVENTOS;Base servico;SURGICAL LINE;383;CRESCER COM PRODUTOS ATUAIS
'SERV070;COMISSOES DOS VENDEDORES;Base servico;SURGICAL LINE;384;CRESCER COM PRODUTOS ATUAIS
'SERV071;COMISSOES DOS REPRESENTANTES;Base servico;SURGICAL LINE;385;CRESCER COM PRODUTOS ATUAIS
'SERV072;VIAGENS E REPRESENTACOES;Base servico;SURGICAL LINE;386;CRESCER COM PRODUTOS ATUAIS
'SERV073;BRINDES, PRESENTES E DOACOES;Base servico;SURGICAL LINE;387;CRESCER COM PRODUTOS ATUAIS
'SERV074;LOCACAO DE EQUIPAMENTOS;Base servico;SURGICAL LINE;388;CRESCER COM PRODUTOS ATUAIS
'SERV075;LOCACAO DE VEICULOS;Base servico;SURGICAL LINE;389;CRESCER COM PRODUTOS ATUAIS
'SERV076;FRETES SOBRE COMPRAS;Base servico;SURGICAL LINE;390;CRESCER COM PRODUTOS ATUAIS
'SERV077;FRETES SOBRE VENDAS;Base servico;SURGICAL LINE;391;CRESCER COM PRODUTOS ATUAIS
'SERV078;FEE IMPORTACAO;Base servico;SURGICAL LINE;461;CRESCER COM PRODUTOS ATUAIS
'SERV079;TAXA URGENCIA;Base servico;SURGICAL LINE;462;CRESCER COM PRODUTOS ATUAIS
'SERV080;TAXA AT;Base servico;SURGICAL LINE;463;CRESCER COM PRODUTOS ATUAIS
'SERV081;PATROCINIO;Base servico;SURGICAL LINE;464;CRESCER COM PRODUTOS ATUAIS
'SERV082;REPASSE DE DESPESA;Normal;SURGICAL LINE;493;CRESCER COM PRODUTOS ATUAIS
'SERV083;REPASSE DE DESPESA;Base servico;SURGICAL LINE;497;CRESCER COM PRODUTOS ATUAIS
'SERVO78;FEE IMPORTACAO;Servico;SURGICAL LINE;487;CRESCER COM PRODUTOS ATUAIS
'SERVO79;TAXA URGENCIA;Servico;SURGICAL LINE;488;CRESCER COM PRODUTOS ATUAIS
'SERVO80;TAXA AT;Servico;SURGICAL LINE;489;CRESCER COM PRODUTOS ATUAIS
'SERVO81;PATROCINIO;Servico;SURGICAL LINE;490;CRESCER COM PRODUTOS ATUAIS
'SERVO82;REPASSE DE DESPESAS;Fora de uso;SURGICAL LINE;494;CRESCER COM PRODUTOS ATUAIS
'SERVO83;REPASSE DE DESPESA;Servico;SURGICAL LINE;498;CRESCER COM PRODUTOS ATUAIS
'SERVT001;MEDICINA E BIOMEDICINA;Servico;SURGICAL LINE;213;CRESCER COM PRODUTOS ATUAIS
'SERVT002;DESPACHANTES (SERV REGULATORIO;Servico;;214;CRESCER COM PRODUTOS ATUAIS
'SERVT003;PROPAGANDA E PUBLICIDADE;Servico;;215;CRESCER COM PRODUTOS ATUAIS
'SERVT004;LIMPEZA, MANUTENCAO E CONSERVA;Servico;;216;CRESCER COM PRODUTOS ATUAIS
'SERVT005;SUPORTE TECNICO EM INFORMATICA;Servico;;217;CRESCER COM PRODUTOS ATUAIS
'SERVT006;ANALISE E DESENVOLVIMENTO DE S;Servico;;218;CRESCER COM PRODUTOS ATUAIS
'SERVT007;USO DESTINADO AO FINANCEIRO;Servico;;219;CRESCER COM PRODUTOS ATUAIS
'SERVT008;MATERIAL DE CONSUMO;Servico;;220;CRESCER COM PRODUTOS ATUAIS
'SERVT009;CESTA DE NATAL, BRINDES;Servico;;222;CRESCER COM PRODUTOS ATUAIS
'SERVT010;ALUGUEL PAGO A PESSOA JURIDICA;Servico;;223;CRESCER COM PRODUTOS ATUAIS
'SERVT011;ALUGUEL PAGO A PESSOA FISICA;Servico;;224;CRESCER COM PRODUTOS ATUAIS
'SERVT012;SERVICOS CONSUMIDOS;Servico;;225;CRESCER COM PRODUTOS ATUAIS
'SERVT013;VALES TRANSPORTE;Servico;;226;CRESCER COM PRODUTOS ATUAIS
'SERVT014;VALES REFEICAO;Servico;;227;CRESCER COM PRODUTOS ATUAIS
'SERVT015;VALES ALIMENTACAO;Servico;;228;CRESCER COM PRODUTOS ATUAIS
'SERVT016;VALES COMBUSTIVEL;Servico;;230;CRESCER COM PRODUTOS ATUAIS
'SERVT017;ASSISTENCIA MEDICA;Servico;;231;CRESCER COM PRODUTOS ATUAIS
'SERVT018;CESTAS BASICAS;Servico;;232;CRESCER COM PRODUTOS ATUAIS
'SERVT019;VALE CULTURA;Servico;;233;CRESCER COM PRODUTOS ATUAIS
'SERVT020;TREINAMENTO;Servico;;234;CRESCER COM PRODUTOS ATUAIS
'SERVT021;FARMACIA E AMBULATORIO;Servico;;235;CRESCER COM PRODUTOS ATUAIS
'SERVT022;MEDICINA OCUPACIONAL;Servico;;236;CRESCER COM PRODUTOS ATUAIS
'SERVT023;CONFRATERNIZACOES;Servico;;237;CRESCER COM PRODUTOS ATUAIS
'SERVT024;ALUGUEIS;Servico;;238;CRESCER COM PRODUTOS ATUAIS
'SERVT025;CONDOMINIOS;Servico;;239;CRESCER COM PRODUTOS ATUAIS
'SERVT026;LIMPEZA E CONSERVACAO;Servico;;240;CRESCER COM PRODUTOS ATUAIS
'SERVT027;PORTARIA E SEGURANCA;Servico;;241;CRESCER COM PRODUTOS ATUAIS
'SERVT028;ENERGIA ELETRICA;Servico;;242;CRESCER COM PRODUTOS ATUAIS
'SERVT029;COSIP ENERGIA ELETRICA;Servico;;243;CRESCER COM PRODUTOS ATUAIS
'SERVT030;TELEFONE FIXO;Servico;;245;CRESCER COM PRODUTOS ATUAIS
'SERVT031;TELEFONE MOVEL;Servico;;246;CRESCER COM PRODUTOS ATUAIS
'SERVT032;INTERNET;Servico;;247;CRESCER COM PRODUTOS ATUAIS
'SERVT033;REFEICOES E LANCHES;Servico;;249;CRESCER COM PRODUTOS ATUAIS
'SERVT034;ESTACIONAMENTO;Servico;;250;CRESCER COM PRODUTOS ATUAIS
'SERVT035;COMBUSTIVEIS;Servico;;251;CRESCER COM PRODUTOS ATUAIS
'SERVT036;MANUTENCAO PREDIAL - MATERIAL;Servico;;252;CRESCER COM PRODUTOS ATUAIS
'SERVT037;MANUTENCAO PREDIAL - SERVICOS;Servico;;253;CRESCER COM PRODUTOS ATUAIS
'SERVT038;MANUTENCAO DE VEICULOS - MATER;Servico;;254;CRESCER COM PRODUTOS ATUAIS
'SERVT039;MANUTENCAO DE VEICULOS - SERVI;Servico;;255;CRESCER COM PRODUTOS ATUAIS
'SERVT040;MANUTENCAO DE BENS E EQUIPTOS;Servico;;256;CRESCER COM PRODUTOS ATUAIS
'SERVT041;MATERIAIS DE HIGIENE E LIMPEZA;Servico;;257;CRESCER COM PRODUTOS ATUAIS
'SERVT042;MATERIAIS DE ESCRITORIO;Servico;;258;CRESCER COM PRODUTOS ATUAIS
'SERVT043;MATERIAIS DE INFORMATICA;Servico;;259;CRESCER COM PRODUTOS ATUAIS
'SERVT044;COPA E COZINHA;Servico;;260;CRESCER COM PRODUTOS ATUAIS
'SERVT045;ASSINATURAS;Servico;;261;CRESCER COM PRODUTOS ATUAIS
'SERVT046;BENS DE NATUREZA PERMANENTE;Servico;;262;CRESCER COM PRODUTOS ATUAIS
'SERVT047;UNIFORMES PROFISSIONAIS;Servico;;263;CRESCER COM PRODUTOS ATUAIS
'SERVT048;EQUIPTOS DE PROTECAO - EPI;Servico;;264;CRESCER COM PRODUTOS ATUAIS
'SERVT049;ADVOGADOS;Servico;;265;CRESCER COM PRODUTOS ATUAIS
'SERVT050;CONSULTORIA FISCAL E CONTABIL;Servico;;266;CRESCER COM PRODUTOS ATUAIS
'SERVT051;AUDITORIA;Servico;;267;CRESCER COM PRODUTOS ATUAIS
'SERVT052;CONSULTORIA EM INFORMATICA;Servico;;268;CRESCER COM PRODUTOS ATUAIS
'SERVT053;CONSULTORIA EM ADMINISTRACAO;Servico;;269;CRESCER COM PRODUTOS ATUAIS
'SERVT054;CONSULTORIA EM CERTIFICACOES;Servico;;270;CRESCER COM PRODUTOS ATUAIS
'SERVT055;CURSOS E TREINAMENTOS;Servico;;271;CRESCER COM PRODUTOS ATUAIS
'SERVT056;RECRUTAMENTO E SELECAO;Servico;;272;CRESCER COM PRODUTOS ATUAIS
'SERVT057;MAO DE OBRA TEMPORARIA;Servico;;273;CRESCER COM PRODUTOS ATUAIS
'SERVT058;MANUTENCAO DE SOFTWARES;Servico;;274;CRESCER COM PRODUTOS ATUAIS
'SERVT059;SERVICOS PRESTADOS POR PJ;Servico;;275;CRESCER COM PRODUTOS ATUAIS
'SERVT060;IPTU;Servico;;276;CRESCER COM PRODUTOS ATUAIS
'SERVT061;CARTORIO;Servico;;277;CRESCER COM PRODUTOS ATUAIS
'SERVT062;COPIAS E REPRODUCOES;Servico;;278;CRESCER COM PRODUTOS ATUAIS
'SERVT063;CHAVEIROS E CARIMBOS;Servico;;279;CRESCER COM PRODUTOS ATUAIS
'SERVT064;DESPACHANTES;Servico;;281;CRESCER COM PRODUTOS ATUAIS
'SERVT065;MOTOBOY;Servico;;282;CRESCER COM PRODUTOS ATUAIS
'SERVT066;RELACOES PUBLICAS;Servico;;283;CRESCER COM PRODUTOS ATUAIS
'SERVT067;CATALOGOS E PANFLETOS;Servico;;284;CRESCER COM PRODUTOS ATUAIS
'SERVT068;FEIRAS E EXPOSICOES;Servico;;285;CRESCER COM PRODUTOS ATUAIS
'SERVT069;EVENTOS;Servico;;286;CRESCER COM PRODUTOS ATUAIS
'SERVT070;COMISSOES DOS VENDEDORES;Servico;;287;CRESCER COM PRODUTOS ATUAIS
'SERVT071;COMISSOES DOS REPRESENTANTES;Servico;;288;CRESCER COM PRODUTOS ATUAIS
'SERVT072;VIAGENS E REPRESENTACOES;Servico;;289;CRESCER COM PRODUTOS ATUAIS
'SERVT073;BRINDES, PRESENTES E DOACOES;Servico;;290;CRESCER COM PRODUTOS ATUAIS
'SERVT074;LOCACAO DE EQUIPAMENTOS;Servico;;291;CRESCER COM PRODUTOS ATUAIS
'SERVT075;LOCACAO DE VEICULOS;Servico;;292;CRESCER COM PRODUTOS ATUAIS
'SERVT076;FRETES SOBRE COMPRAS;Servico;;293;CRESCER COM PRODUTOS ATUAIS
'SERVT077;FRETES SOBRE VENDAS;Servico;;294;CRESCER COM PRODUTOS ATUAIS
'INT1307;INTR. CAN. BIOPSIA 13G,12.14 C;Normal;RF MEDICAL;118;CRESCER COM PRODUTOS ATUAIS
'INT1310;INTR. CAN. BIOPSIA 13G,15.14 C;Normal;RF MEDICAL;119;CRESCER COM PRODUTOS ATUAIS
'SERVT080;TAXA ASSISTENCIA TECNICA;Servico;SURGICAL LINE;466;CRESCER COM PRODUTOS ATUAIS
'SERVT081;AGENCIA DE MARKETING;Base servico;SURGICAL LINE;513;CRESCER COM PRODUTOS ATUAIS
'SERVT082;AGENCIA DE MARKETING;Servico;SURGICAL LINE;514;CRESCER COM PRODUTOS ATUAIS
'SERVT083;LOCACAO EQUIP ZD;Servico;SURGICAL LINE;531;CRESCER COM PRODUTOS ATUAIS
'SERVT084;LOCACAO EQUIP MIC;Servico;SURGICAL LINE;532;CRESCER COM PRODUTOS ATUAIS
'SERVT085;LOCACAO EQUIP MER;Servico;SURGICAL LINE;533;CRESCER COM PRODUTOS ATUAIS
'SERVT086;LOCACAO EQUIP C2 XPLORE;Servico;SURGICAL LINE;534;CRESCER COM PRODUTOS ATUAIS
'SERVT087;LOCACAO EQUIP C2 XPLORE;Servico;SURGICAL LINE;535;CRESCER COM PRODUTOS ATUAIS
'SERVT088;LOCACAO EQUIP C2 XTEND;Servico;SURGICAL LINE;537;CRESCER COM PRODUTOS ATUAIS
'SERVT089;LOCACAO EQUIP C2 XTEND;Servico;SURGICAL LINE;538;CRESCER COM PRODUTOS ATUAIS
'SERVTO089;LOCACAO EQUIP C2 XTEND;Base servico;SURGICAL LINE;552;CRESCER COM PRODUTOS ATUAIS
'SERVTO83;LOCACAO EQUIP ZD;Base servico;SURGICAL LINE;544;CRESCER COM PRODUTOS ATUAIS
'SERVTO84;LOCACAO EQUIP MIC;Base servico;SURGICAL LINE;545;CRESCER COM PRODUTOS ATUAIS
'SERVTO85;LOCACAO EQUIP MER;Base servico;SURGICAL LINE;546;CRESCER COM PRODUTOS ATUAIS
'SERVTO86;LOCACAO EQUIP C2 XPLORE;Base servico;SURGICAL LINE;547;CRESCER COM PRODUTOS ATUAIS
'SERVTO87;LOCACAO EQUIP C2 XPLORE;Base servico;SURGICAL LINE;548;CRESCER COM PRODUTOS ATUAIS
'SERVTO88;LOCACAO EQUIO C2 XTEND;Base servico;SURGICAL LINE;551;CRESCER COM PRODUTOS ATUAIS
'SERVTO89;LOCACAO EQUIP C2 XTEND;Base servico;SURGICAL LINE;553;CRESCER COM PRODUTOS ATUAIS
'INT1704;INTR. CAN. BIOPSIA 17G,8.98 C;Normal;RF MEDICAL;122;CRESCER COM PRODUTOS ATUAIS
'INT1710;INTR. CAN. BIOPSIA 17G,14.98 C;Normal;RF MEDICAL;120;CRESCER COM PRODUTOS ATUAIS
'INT1716;INTR. CAN. BIOPSIA 17G,20.98 C;Normal;RF MEDICAL;121;CRESCER COM PRODUTOS ATUAIS
'INT1916A;INTR. CAN. BIOPSIA 19G,20.65 C;Normal;RF MEDICAL;123;CRESCER COM PRODUTOS ATUAIS
'JET 1515B;CATETER MULTIPOLAR JET-TIP, DI;Normal;RF MEDICAL;520;CRESCER COM PRODUTOS ATUAIS
'JET 1530B;CATETER MULTIPOLAR JET-TIP;Normal;RF MEDICAL;507;CRESCER COM PRODUTOS ATUAIS
'JET 2015B;CATETER MULTIPOLAR JET-TIP;Normal;RF MEDICAL;579;CRESCER COM PRODUTOS ATUAIS
'JET 2030B;CATETER MULTIPOLAR JET-TIP,;Normal;RF MEDICAL;454;CRESCER COM PRODUTOS ATUAIS
'M-3004;GERADOR DE RF MYGEN M-3004;Normal;RF MEDICAL;168;CRESCER COM PRODUTOS ATUAIS
'PEDALRF;CHAVE DO PEDAL DE UNICO CANAL;Normal;RF MEDICAL;167;CRESCER COM PRODUTOS ATUAIS
'RFP-300;BOMBA DE RESFRIAMENTO;Normal;RF MEDICAL;171;CRESCER COM PRODUTOS ATUAIS
'RFTP 0705N;CATETER MULTI TIREOIDE;Normal;RF MEDICAL;561;CRESCER COM PRODUTOS ATUAIS
'RFTP 0707N;CAT. MULTI TIREOIDE 2X7X7 PRLN;Normal;RF MEDICAL;197;CRESCER COM PRODUTOS ATUAIS
'RFTP 0710N;CATETER MULTIPOLAR TIREOIDE;Normal;RF MEDICAL;453;CRESCER COM PRODUTOS ATUAIS
'RFTP-1007N;CAT. MULTIP TIREOIDE 1.2 X 10;Normal;RF MEDICAL;198;CRESCER COM PRODUTOS ATUAIS
'SA1410L;CAN.BIOPSIA 14G, 20.98 CORTE18;Normal;RF MEDICAL;47;CRESCER COM PRODUTOS ATUAIS
'SA1410S;CAN.BIOPSIA 14G, 20.98 CORTE10;Normal;RF MEDICAL;46;CRESCER COM PRODUTOS ATUAIS
'SA1413L;CAN.BIOPSIA 14G, 23.98 CORTE18;Normal;RF MEDICAL;49;CRESCER COM PRODUTOS ATUAIS
'SA1413S;CAN.BIOPSIA 14G, 23.98 CORTE10;Normal;RF MEDICAL;48;CRESCER COM PRODUTOS ATUAIS
'SA1807L;CAN.BIOPSIA 18G, 17.83 CORTE18;Normal;RF MEDICAL;51;CRESCER COM PRODUTOS ATUAIS
'SA1807S;CAN.BIOPSIA 18G, 17.83 CORTE10;Normal;RF MEDICAL;50;CRESCER COM PRODUTOS ATUAIS
'SA1813L;CAN.BIOPSIA 18G, 23.83 CORTE18;Normal;RF MEDICAL;52;CRESCER COM PRODUTOS ATUAIS
'SA1819L;CAN.BIOPSIA 18G, 29.83 CORTE18;Normal;RF MEDICAL;53;CRESCER COM PRODUTOS ATUAIS
'SA2018L;CAN.BIOPSIA 20G, 29.13 CORTE18;Normal;RF MEDICAL;55;CRESCER COM PRODUTOS ATUAIS
'SA2018S;CAN.BIOPSIA 20G, 28.98 CORTE10;Normal;RF MEDICAL;54;CRESCER COM PRODUTOS ATUAIS
'SA2019L;CAN.BIOPSIA 20G, 29.78 CORTE18;Normal;RF MEDICAL;57;CRESCER COM PRODUTOS ATUAIS
'SA2019S;CAN.BIOPSIA 20G, 29.78 CORTE10;Normal;RF MEDICAL;56;CRESCER COM PRODUTOS ATUAIS
'V-1000;GERADOR DE RF MYGEN V-1000;Normal;RF MEDICAL;170;CRESCER COM PRODUTOS ATUAIS
'VCT 10XXB;CATETER MULTIPOLAR V-TIP,DIAM1;Normal;RF MEDICAL;505;CRESCER COM PRODUTOS ATUAIS
'VCT 15XXB;CAT. MULTIPOLAR V-TIP 1.5 X 15;Normal;RF MEDICAL;76;CRESCER COM PRODUTOS ATUAIS
'VCT 20XXB;CAT. MULTIPOLAR V-TIP 1.5 X 20;Normal;RF MEDICAL;77;CRESCER COM PRODUTOS ATUAIS
'VCT 30XXB;CATETER MULTIPOLAR V-TIP, DIAM;Normal;RF MEDICAL;582;CRESCER COM PRODUTOS ATUAIS
'VCT 35XXB;CAT. MULTIPOLAR V-TIP 1.5 X 35;Normal;RF MEDICAL;193;CRESCER COM PRODUTOS ATUAIS
'VCTM 35XXB;CAT. MULTIPOLAR V-TIP 1.65 X35;Normal;RF MEDICAL;71;CRESCER COM PRODUTOS ATUAIS
'1180;GERADOR PULSO IMPLANTAVEL;Normal;SCENERAY CORPORATION;113;CRESCER COM PRODUTOS ATUAIS
'1200-40;SIST. ELET. EXTENSOES P/ESTIMU;Normal;SCENERAY CORPORATION;128;CRESCER COM PRODUTOS ATUAIS
'1210-40;SIST. ELET. EXTENSOES P/ESTIMU;Normal;SCENERAY CORPORATION;129;CRESCER COM PRODUTOS ATUAIS
'1340;SIST. ELET. EXTENSOES P/ESTIMU;Normal;SCENERAY CORPORATION;161;CRESCER COM PRODUTOS ATUAIS
'1510;GERADOR PULSO EXT. P/ESTIMULAC;Normal;SCENERAY CORPORATION;99;CRESCER COM PRODUTOS ATUAIS
'SR1101;NEUROESTIMULADOR MODELO SR1101;Normal;SCENERAY CORPORATION;124;CRESCER COM PRODUTOS ATUAIS
'SR1341;6 SIST. ELETR. EXT. P/ ESTIMUL;Normal;SCENERAY CORPORATION;5;CRESCER COM PRODUTOS ATUAIS
'SR1421;PROGRAMADOR PACIENTE (ACESS.);Normal;SCENERAY CORPORATION;126;CRESCER COM PRODUTOS ATUAIS
'SR1621;PROGRAMADOR CLINICO (ACESS.);Normal;SCENERAY CORPORATION;125;CRESCER COM PRODUTOS ATUAIS
'SR1632;PROGRAMADOR REM.S/FIO (PAC.);Normal;SCENERAY CORPORATION;302;CRESCER COM PRODUTOS ATUAIS
'SR2114;KIT CARREGADOR SR2110/SR1764;Normal;SCENERAY CORPORATION;114;CRESCER COM PRODUTOS ATUAIS
'TABPROG;TABLET DE PROGRAMACAO;Normal;SCENERAY CORPORATION;162;CRESCER COM PRODUTOS ATUAIS
'TOUCHLOC;TOUCH-LOC;Normal;SCENERAY CORPORATION;205;CRESCER COM PRODUTOS ATUAIS
'878000;POLYGLACTIN - COR VIOLETA;Normal;SUPRIMED;177;CRESCER COM PRODUTOS ATUAIS
'Z5;SIST. DIAGNOST ULTRASSOM Z5;Normal;MEDICAL WAY;178;CRESCER COM PRODUTOS ATUAIS
'ZD11E003.002;ZD11E003.002;Conjunto;SURGICAL LINE;304;CRESCER COM PRODUTOS ATUAIS
'ZD11H081.1100;ZD11H081.1100;Conjunto;SURGICAL LINE;306;CRESCER COM PRODUTOS ATUAIS
'ZD12E004.006;ZD12E004.006;Conjunto;SURGICAL LINE;307;CRESCER COM PRODUTOS ATUAIS
'ZD13E004.004;ZD13E004.004;Conjunto;SURGICAL LINE;308;CRESCER COM PRODUTOS ATUAIS
